datetime,T,CO2,solrad,Tout,occ,dpos,vpos
2018-04-04 08:00:00,21.572727376764472,615.520009358724,364.3733317057292,11.0,19.7,0.0,13.165266241346087
2018-04-04 08:30:00,20.866666793823242,888.8685738699777,396.05332946777344,10.5,20.033333333333335,0.0,19.396681455465462
2018-04-04 09:00:00,21.433333079020183,1168.7314278738838,112.35999806722005,9.5,40.266666666666666,0.0,1.9607843160629272
2018-04-04 09:30:00,21.979999923706053,1311.0399932861328,95.68000030517578,9.5,39.43333333333333,0.0,1.9607843160629272
2018-04-04 10:00:00,20.95185188010887,990.719988141741,194.32000223795572,9.5,40.1,0.0,29.575163662433624
2018-04-04 10:30:00,22.10000010899135,1457.645717075893,65.33333333333333,9.5,36.56666666666667,0.0,7.385620931784312
2018-04-04 11:00:00,22.65999984741211,1709.2266642252605,80.34666442871094,9.0,33.733333333333334,0.0,7.385620931784312
2018-04-04 11:30:00,23.09999990463257,1906.5599975585938,82.02666727701823,9.0,34.7,0.0,7.385620931784312
2018-04-04 12:00:00,22.25882350697237,1315.7415583683894,87.68000030517578,10.5,32.0,0.0,3.529411768913269
2018-04-04 12:30:00,23.60000010899135,1524.3733520507812,190.34666442871094,10.5,29.966666666666665,0.0,3.529411768913269
2018-04-04 13:00:00,23.299999918256486,1516.0888807508682,188.7199961344401,10.5,23.933333333333334,0.0,3.529411768913269
2018-04-04 13:30:00,24.5,1845.394287109375,275.0933329264323,10.5,26.233333333333334,0.0,3.529411768913269
2018-04-04 14:00:00,22.965217341547426,1300.693339029948,370.02667236328125,11.5,26.233333333333334,0.0,3.529411768913269
2018-04-04 14:30:00,24.200000029343826,1060.400016784668,263.67999267578125,11.5,8.666666666666666,0.0,3.529411768913269
2018-04-04 15:00:00,24.89999993642171,1476.5714460100446,98.0,11.5,0.0,0.0,3.529411768913269
2018-04-04 15:30:00,25.299999872843426,1607.4666544596355,45.0,10.5,0.0,0.0,3.529411768913269
2018-04-04 16:00:00,25.074999809265137,1213.4400177001953,11.0,9.5,0.0,0.0,3.529411768913269
2018-04-04 16:30:00,24.700000127156574,848.9600016276041,5.5,9.5,0.0,0.0,3.529411768913269
2018-04-04 17:00:00,24.449999809265137,741.8514229910714,5.5,8.399999618530273,0.0,0.0,3.529411768913269
2018-04-04 17:30:00,24.200000127156574,674.4320068359375,5.5,7.399999618530273,0.3,0.0,3.529411768913269
2018-04-04 18:00:00,24.0,629.5771484375,5.5,6.399999618530273,0.0,0.0,3.529411768913269
2018-04-04 18:30:00,23.357142857142858,574.7200012207031,5.5,7.899999618530273,0.0,45.09803771972656,3.529411768913269
2018-04-04 19:00:00,22.85000006357829,502.34666442871094,5.5,9.399999618530273,0.0,19.60784339904785,3.529411768913269
2018-04-04 19:30:00,23.299999872843426,491.0400034586589,5.5,9.399999618530273,0.0,19.60784339904785,3.529411768913269
2018-04-04 20:00:00,23.5,492.0533396402995,5.5,8.399999618530273,0.0,19.60784339904785,3.529411768913269
2018-04-04 20:30:00,23.5,504.1599985758464,5.5,8.399999618530273,0.0,19.60784339904785,3.529411768913269
2018-04-04 21:00:00,23.600000381469727,512.5333404541016,5.5,8.399999618530273,0.0,19.60784339904785,3.529411768913269
2018-04-04 21:30:00,23.5,535.6159912109375,5.5,7.399999618530273,0.0,19.60784339904785,3.529411768913269
2018-04-04 22:00:00,23.5,540.3733418782552,5.5,5.899999618530273,0.0,19.60784339904785,3.529411768913269
2018-04-04 22:30:00,23.5,559.5999908447266,5.5,5.899999618530273,0.0,19.60784339904785,3.529411768913269
2018-04-04 23:00:00,23.5,600.0,5.5,5.899999618530273,0.9666666666666667,45.09803771972656,3.529411768913269
2018-04-04 23:30:00,23.5,606.7733256022135,5.5,4.894999980926514,0.3,45.09803771972656,3.529411768913269
2018-04-05 00:00:00,23.5,538.6666666666666,5.5,4.894999980926514,0.0,45.09803771972656,3.529411768913269
2018-04-05 00:30:00,23.5,585.8133239746094,5.5,4.894999980926514,0.0,45.09803771972656,3.529411768913269
2018-04-05 01:00:00,23.399999618530273,692.1066589355469,5.5,5.899999618530273,0.0,0.0,3.529411768913269
2018-04-05 01:30:00,23.399999618530273,568.4114292689732,5.5,5.899999618530273,0.0,0.0,3.529411768913269
2018-04-05 02:00:00,23.299999237060547,526.9866739908854,5.5,4.894999980926514,0.0,0.0,3.529411768913269
2018-04-05 02:30:00,23.299999237060547,512.1600036621094,5.5,4.894999980926514,0.0,0.0,3.529411768913269
2018-04-05 03:00:00,23.200000762939453,497.17332967122394,5.5,4.390000343322754,0.0,0.0,3.529411768913269
2018-04-05 03:30:00,23.200000762939453,498.1866709391276,5.5,4.390000343322754,0.03333333333333333,0.0,3.529411768913269
2018-04-05 04:00:00,23.200000762939453,482.55999755859375,5.5,5.399999618530273,1.0333333333333334,0.0,3.529411768913269
2018-04-05 04:30:00,23.050000190734863,486.91199951171876,5.5,4.894999980926514,1.9333333333333333,0.0,3.529411768913269
2018-04-05 05:00:00,22.900000254313152,491.6266682942708,5.5,4.894999980926514,16.2,19.60784339904785,3.529411768913269
2018-04-05 05:30:00,22.399999618530273,479.87200317382815,8.5,4.390000343322754,26.0,19.60784339904785,3.529411768913269
2018-04-05 06:00:00,22.200000127156574,509.22666931152344,28.0,5.399999618530273,26.3,19.60784339904785,3.529411768913269
2018-04-05 06:30:00,21.899999618530273,657.0880126953125,185.04000091552734,6.899999618530273,23.633333333333333,45.09803771972656,3.529411768913269
2018-04-05 07:00:00,22.0,646.1866658528646,41.333333333333336,8.399999618530273,0.8333333333333334,45.09803771972656,3.529411768913269
2018-04-05 07:30:00,21.742856979370117,644.0,71.0,7.399999618530273,1.1333333333333333,45.09803771972656,3.529411768913269
2018-04-05 08:00:00,21.699999809265137,571.3600056966146,86.02666727701823,8.399999618530273,5.9,45.09803771972656,3.529411768913269
2018-04-05 08:30:00,21.600000381469727,486.5066680908203,179.35999806722006,9.399999618530273,7.6,9.803921699523926,3.529411768913269
2018-04-05 09:00:00,21.600000381469727,491.3280029296875,238.98666381835938,10.399999618530273,3.8,19.60784339904785,3.529411768913269
2018-04-05 09:30:00,21.949999809265137,574.826670328776,166.0133310953776,10.399999618530273,4.633333333333334,45.09803771972656,3.529411768913269
2018-04-05 10:00:00,22.03333346048991,565.3866678873698,24.333333333333332,8.75,4.833333333333333,45.09803771972656,3.529411768913269
2018-04-05 10:30:00,22.050000190734863,534.5371355329241,9.333333333333334,8.0,4.0,45.09803771972656,3.529411768913269
2018-04-05 11:00:00,22.100000381469727,496.8000030517578,29.666666666666668,8.0,3.9,19.60784339904785,3.529411768913269
2018-04-05 11:30:00,22.299999872843426,496.2133331298828,97.34666697184245,8.0,3.7666666666666666,19.60784339904785,3.529411768913269
2018-04-05 12:00:00,22.520000076293947,502.40000406901044,76.66666666666667,8.0,3.8,19.60784339904785,3.529411768913269
2018-04-05 12:30:00,22.550000190734863,499.2000020345052,50.5,8.0,2.2333333333333334,19.60784339904785,3.529411768913269
2018-04-05 13:00:00,22.47499990463257,495.52000427246094,48.333333333333336,6.399999618530273,2.0,19.60784339904785,3.529411768913269
2018-04-05 13:30:00,22.65000057220459,499.07200317382814,16.5,6.399999618530273,0.9333333333333333,19.60784339904785,3.529411768913269
2018-04-05 14:00:00,22.47499990463257,492.2880004882812,9.666666666666666,6.233332951863607,0.0,19.60784339904785,3.529411768913269
2018-04-05 14:30:00,22.75,494.55999755859375,3.0,6.233332951863607,0.0,19.60784339904785,3.529411768913269
2018-04-05 15:00:00,22.899999618530273,494.5280029296875,0.0,4.890000343322754,0.0,0.0,3.529411768913269
2018-04-05 15:30:00,23.0,502.55999755859375,18.666666666666668,3.890000343322754,0.0,0.0,3.529411768913269
2018-04-05 16:00:00,23.100000381469727,495.4880004882813,39.333333333333336,3.890000343322754,0.0,0.0,3.529411768913269
2018-04-05 16:30:00,23.25,496.25599365234376,50.333333333333336,3.890000343322754,0.0,0.0,3.529411768913269
2018-04-05 17:00:00,23.5,490.11199951171875,16.666666666666668,2.8000001907348633,0.0,0.0,3.529411768913269
2018-04-05 17:30:00,23.700000762939453,484.2133331298828,16.666666666666668,3.247499942779541,0.0,0.0,3.529411768913269
2018-04-05 18:00:00,23.600000381469727,487.36000061035156,16.666666666666668,1.6999998092651367,0.0,0.0,3.529411768913269
2018-04-05 18:30:00,23.5,482.4533284505208,16.666666666666668,1.6999998092651367,0.6666666666666666,0.0,3.529411768913269
2018-04-05 19:00:00,23.399999618530273,479.36000061035156,16.666666666666668,1.6999998092651367,1.0,0.0,3.529411768913269
2018-04-05 19:30:00,22.883333206176758,476.9066670735677,16.666666666666668,0.6999998092651367,1.0,19.60784339904785,3.529411768913269
2018-04-05 20:00:00,22.875,489.97332763671875,16.666666666666668,0.6999998092651367,1.0,19.60784339904785,3.529411768913269
2018-04-05 20:30:00,23.200000762939453,474.0799967447917,16.666666666666668,0.6999998092651367,0.36666666666666664,19.60784339904785,3.529411768913269
2018-04-05 21:00:00,23.100000381469727,489.0240051269531,16.666666666666668,0.6999998092651367,0.0,19.60784339904785,3.529411768913269
2018-04-05 21:30:00,23.100000381469727,504.26666259765625,16.666666666666668,0.6999998092651367,0.0,19.60784339904785,3.529411768913269
2018-04-05 22:00:00,23.100000381469727,511.3600107828776,16.666666666666668,0.6999998092651367,0.0,19.60784339904785,3.529411768913269
2018-04-05 22:30:00,23.100000381469727,489.8666687011719,16.666666666666668,0.6999998092651367,0.0,19.60784339904785,3.529411768913269
2018-04-05 23:00:00,23.100000381469727,501.65333048502606,16.666666666666668,0.6999998092651367,0.26666666666666666,19.60784339904785,3.529411768913269
2018-04-05 23:30:00,23.100000381469727,526.0800069173177,16.666666666666668,0.6999998092651367,0.0,19.60784339904785,3.529411768913269
2018-04-06 00:00:00,23.100000381469727,541.653330485026,16.666666666666668,-0.40000009536743164,0.0,19.60784339904785,3.529411768913269
2018-04-06 00:30:00,23.100000381469727,507.20001220703125,16.666666666666668,-0.40000009536743164,0.0,19.60784339904785,3.529411768913269
2018-04-06 01:00:00,23.0,481.6,16.666666666666668,-0.40000009536743164,0.0,0.0,3.529411768913269
2018-04-06 01:30:00,23.0,544.1600036621094,16.666666666666668,-0.40000009536743164,0.0,0.0,3.529411768913269
2018-04-06 02:00:00,22.899999618530273,548.1600036621094,16.666666666666668,-0.40000009536743164,0.0,0.0,3.529411768913269
2018-04-06 02:30:00,22.899999618530273,535.0399983723959,16.666666666666668,-0.40000009536743164,0.0,0.0,3.529411768913269
2018-04-06 03:00:00,22.799999237060547,544.0533345540365,16.666666666666668,-0.40000009536743164,1.1333333333333333,0.0,3.529411768913269
2018-04-06 03:30:00,22.799999237060547,529.3866577148438,16.666666666666668,-0.40000009536743164,1.2333333333333334,0.0,3.529411768913269
2018-04-06 04:00:00,22.799999237060547,498.346674601237,16.666666666666668,0.5999999046325684,1.0,19.60784339904785,3.529411768913269
2018-04-06 04:30:00,22.600000381469727,517.17333984375,16.666666666666668,-0.04999995231628418,1.0,19.60784339904785,3.529411768913269
2018-04-06 05:00:00,22.600000381469727,491.36000061035156,16.666666666666668,-0.04999995231628418,1.0,0.0,3.529411768913269
2018-04-06 05:30:00,22.600000381469727,484.2133331298828,47.0,2.0,1.0,0.0,3.529411768913269
2018-04-06 06:00:00,22.625,480.5333302815755,116.02666727701823,4.5,1.2666666666666666,0.0,3.529411768913269
2018-04-06 06:30:00,22.5,484.41599731445314,172.05332946777344,6.5,10.266666666666667,0.0,3.529411768913269
2018-04-06 07:00:00,22.266666730244953,488.26666259765625,254.95999908447266,8.5,26.566666666666666,0.0,3.529411768913269
2018-04-06 07:30:00,22.433333079020183,508.6933339436849,330.6666666666667,9.949999809265137,26.166666666666668,19.60784339904785,3.529411768913269
2018-04-06 08:00:00,22.800000190734863,678.9333292643229,410.9866638183594,11.066666285196941,27.9,45.09803771972656,3.529411768913269
2018-04-06 08:30:00,22.639999771118163,663.7866617838541,493.59999084472656,10.899999618530273,24.8,45.09803771972656,3.529411768913269
2018-04-06 09:00:00,22.666666666666668,607.3599955240885,555.52001953125,12.399999618530273,24.233333333333334,45.09803771972656,3.529411768913269
2018-04-06 09:30:00,22.75,613.5466613769531,589.0133260091146,12.399999618530273,26.6,45.09803771972656,3.529411768913269
2018-04-06 10:00:00,22.899999618530273,672.4571533203125,597.9733479817709,11.899999618530273,21.966666666666665,45.09803771972656,3.529411768913269
2018-04-06 10:30:00,23.0,629.5466613769531,628.0,11.899999618530273,21.133333333333333,45.09803771972656,3.529411768913269
2018-04-06 11:00:00,22.290909160267223,678.7200073242187,645.1199951171875,10.899999618530273,3.966666666666667,45.09803771972656,3.529411768913269
2018-04-06 11:30:00,21.366666793823242,650.9866536458334,627.9466552734375,9.399999618530273,0.2,45.09803771972656,3.529411768913269
2018-04-06 12:00:00,22.08571434020996,586.8800048828125,619.52001953125,9.399999618530273,0.0,45.09803771972656,3.529411768913269
2018-04-06 12:30:00,22.5,493.247998046875,579.413330078125,9.399999618530273,0.0,19.60784339904785,3.529411768913269
2018-04-06 13:00:00,22.34999942779541,477.17332967122394,559.0399983723959,10.399999618530273,0.03333333333333333,0.0,3.529411768913269
2018-04-06 13:30:00,22.5,480.53333536783856,476.4800109863281,10.399999618530273,0.0,0.0,3.529411768913269
2018-04-06 14:00:00,22.34999942779541,475.8399963378906,441.3866678873698,10.399999618530273,0.0,0.0,3.529411768913269
2018-04-06 14:30:00,22.34999942779541,478.3999989827474,295.3599904378255,10.399999618530273,0.0,0.0,3.529411768913269
2018-04-06 15:00:00,22.34999942779541,474.4320007324219,257.99999237060547,9.899999618530273,0.0,0.0,3.529411768913269
2018-04-06 15:30:00,22.9,474.6666717529297,207.73333231608072,9.633333524068197,0.0,0.0,3.529411768913269
2018-04-06 16:00:00,23.53333346048991,473.8666687011719,155.35999552408853,9.633333524068197,0.0,0.0,3.529411768913269
2018-04-06 16:30:00,23.53333346048991,476.85333251953125,63.346666971842446,9.633333524068197,0.0,0.0,3.529411768913269
2018-04-06 17:00:00,23.65000057220459,480.07999420166016,8.5,8.199999809265137,0.0,0.0,3.529411768913269
2018-04-06 17:30:00,23.550000190734863,486.65599365234374,8.5,7.199999809265137,0.0,0.0,3.529411768913269
2018-04-06 18:00:00,23.25,489.66400146484375,8.5,5.699999809265137,0.0,0.0,3.529411768913269
2018-04-06 18:30:00,23.15000057220459,500.53333536783856,8.5,5.699999809265137,0.16666666666666666,0.0,3.529411768913269
2018-04-06 19:00:00,23.15000057220459,479.8400065104167,8.5,4.100000381469727,0.0,0.0,3.529411768913269
2018-04-06 19:30:00,23.0,480.4266662597656,8.5,4.100000381469727,0.0,0.0,3.529411768913269
2018-04-06 20:00:00,22.75,522.7200063069662,8.5,4.100000381469727,0.0,19.60784339904785,3.529411768913269
2018-04-06 20:30:00,22.949999809265137,553.3866780598959,8.5,3.1000003814697266,0.0,19.60784339904785,3.529411768913269
2018-04-06 21:00:00,22.949999809265137,576.0639892578125,8.5,3.1000003814697266,0.0,19.60784339904785,3.529411768913269
2018-04-06 21:30:00,23.100000381469727,595.5199991861979,8.5,3.1000003814697266,0.0,45.09803771972656,3.529411768913269
2018-04-06 22:00:00,23.100000381469727,610.240000406901,8.5,3.1000003814697266,0.0,45.09803771972656,3.529411768913269
2018-04-06 22:30:00,23.100000381469727,634.5066630045573,8.5,3.1000003814697266,0.0,45.09803771972656,3.529411768913269
2018-04-06 23:00:00,23.100000381469727,643.2533467610677,8.5,3.1000003814697266,0.43333333333333335,45.09803771972656,3.529411768913269
2018-04-06 23:30:00,23.100000381469727,653.1199951171875,8.5,3.1000003814697266,0.0,45.09803771972656,3.529411768913269
2018-04-07 00:00:00,23.100000381469727,629.7066752115885,8.5,3.1000003814697266,0.0,45.09803771972656,3.529411768913269
2018-04-07 00:30:00,23.100000381469727,610.4533284505209,8.5,2.0999999046325684,0.0,45.09803771972656,3.529411768913269
2018-04-07 01:00:00,23.100000381469727,582.0266621907552,8.5,2.0999999046325684,0.0,0.0,3.529411768913269
2018-04-07 01:30:00,23.0,558.82666015625,8.5,2.0999999046325684,0.0,0.0,3.529411768913269
2018-04-07 02:00:00,23.0,546.5066630045573,8.5,2.0999999046325684,0.0,0.0,3.529411768913269
2018-04-07 02:30:00,22.899999618530273,531.0400085449219,8.5,1.0999999046325684,0.0,0.0,3.529411768913269
2018-04-07 03:00:00,22.899999618530273,513.3333333333334,8.5,1.0999999046325684,0.13333333333333333,0.0,3.529411768913269
2018-04-07 03:30:00,22.899999618530273,490.7200063069661,8.5,1.0999999046325684,0.06666666666666667,0.0,3.529411768913269
2018-04-07 04:00:00,22.799999237060547,498.82667032877606,8.5,2.0999999046325684,0.0,0.0,3.529411768913269
2018-04-07 04:30:00,22.799999237060547,515.9999949137369,8.5,2.0999999046325684,0.0,19.60784339904785,3.529411768913269
2018-04-07 05:00:00,22.799999237060547,509.3333384195964,8.5,2.0999999046325684,0.0,0.0,3.529411768913269
2018-04-07 05:30:00,22.799999237060547,499.94666544596356,25.5,3.1000003814697266,0.0,0.0,3.529411768913269
2018-04-07 06:00:00,22.899999618530273,498.18666585286456,86.0,4.600000381469727,0.0,0.0,3.529411768913269
2018-04-07 06:30:00,22.899999618530273,492.53333536783856,140.02666219075522,6.100000381469727,0.0,0.0,3.529411768913269
2018-04-07 07:00:00,22.899999618530273,495.89333089192706,173.67999776204428,7.100000381469727,0.8666666666666667,0.0,3.529411768913269
2018-04-07 07:30:00,23.0,499.0933329264323,327.36000061035156,9.100000381469727,2.2333333333333334,0.0,3.529411768913269
2018-04-07 08:00:00,23.100000381469727,507.2640075683594,372.0,9.100000381469727,27.733333333333334,0.0,3.529411768913269
2018-04-07 08:30:00,23.25,530.5066630045573,461.75998942057294,11.100000381469727,39.233333333333334,19.60784339904785,3.529411768913269
2018-04-07 09:00:00,23.34999942779541,590.9485735212054,525.0133361816406,11.100000381469727,41.36666666666667,45.09803771972656,3.529411768913269
2018-04-07 09:30:00,23.600000381469727,851.1085728236607,504.7466634114583,11.766667048136394,40.766666666666666,85.09803771972656,3.529411768913269
2018-04-07 10:00:00,23.271428516932897,975.2799987792969,628.0,12.700000127156574,39.833333333333336,85.09803771972656,3.529411768913269
2018-04-07 10:30:00,22.5,908.7999979654948,496.00001525878906,12.0,39.36666666666667,70.19607543945312,3.529411768913269
2018-04-07 11:00:00,22.700000286102295,755.5840087890625,558.6133422851562,12.0,39.4,70.19607543945312,3.529411768913269
2018-04-07 11:30:00,23.024999618530273,768.3199971516927,544.000010172526,11.0,40.266666666666666,70.19607543945312,3.529411768913269
2018-04-07 12:00:00,23.09999990463257,690.1485682896206,585.0666707356771,12.0,39.6,45.09803771972656,3.529411768913269
2018-04-07 12:30:00,23.34999990463257,642.0266825358073,533.1199951171875,12.0,38.13333333333333,45.09803771972656,3.529411768913269
2018-04-07 13:00:00,23.860000228881837,654.1333211263021,472.7466634114583,12.0,1.0333333333333334,45.09803771972656,3.529411768913269
2018-04-07 13:30:00,23.56666660308838,644.0,442.9866638183594,12.0,0.0,45.09803771972656,3.529411768913269
2018-04-07 14:00:00,23.475000381469727,693.8514229910714,381.3333333333333,12.0,0.0,57.647056579589844,3.529411768913269
2018-04-07 14:30:00,23.933333079020183,511.0399932861328,319.5199890136719,12.0,0.0,9.803921699523926,3.529411768913269
2018-04-07 15:00:00,24.299999872843426,488.6933339436849,272.0,12.0,0.0,9.803921699523926,3.529411768913269
2018-04-07 15:30:00,24.9,482.02666727701825,179.35999552408853,12.0,0.4,9.803921699523926,3.529411768913269
2018-04-07 16:00:00,25.399999618530273,485.65333048502606,142.05333201090494,12.0,1.0,9.803921699523926,3.529411768913269
2018-04-07 16:30:00,25.299999237060547,488.3733317057292,72.68000030517578,12.0,1.0,19.60784339904785,3.529411768913269
2018-04-07 17:00:00,24.800000054495676,496.0639953613281,17.0,10.5,1.0,19.60784339904785,3.529411768913269
2018-04-07 17:30:00,25.0,497.36000061035156,0.0,8.899999618530273,1.0,19.60784339904785,3.529411768913269
2018-04-07 18:00:00,24.84999942779541,505.08800048828124,0.0,7.399999618530273,0.7666666666666667,19.60784339904785,3.529411768913269
2018-04-07 18:30:00,24.65000057220459,523.7333272298177,0.0,7.399999618530273,0.6,19.60784339904785,3.529411768913269
2018-04-07 19:00:00,24.5,528.2666727701823,0.0,5.899999618530273,1.0,19.60784339904785,3.529411768913269
2018-04-07 19:30:00,24.399999618530273,528.639990234375,0.0,5.899999618530273,0.5666666666666667,19.60784339904785,3.529411768913269
2018-04-07 20:00:00,24.25,533.5466613769531,0.0,5.899999618530273,0.03333333333333333,19.60784339904785,3.529411768913269
2018-04-07 20:30:00,24.25,520.6933288574219,0.0,5.899999618530273,0.0,19.60784339904785,3.529411768913269
2018-04-07 21:00:00,24.100000381469727,524.5333455403646,0.0,5.899999618530273,0.0,19.60784339904785,3.529411768913269
2018-04-07 21:30:00,24.0,489.3440002441406,0.0,4.890000343322754,0.0,19.60784339904785,3.529411768913269
2018-04-07 22:00:00,24.0,486.5066680908203,0.0,4.890000343322754,0.6333333333333333,19.60784339904785,3.529411768913269
2018-04-07 22:30:00,23.899999618530273,478.2719970703125,0.0,3.890000343322754,0.06666666666666667,19.60784339904785,3.529411768913269
2018-04-07 23:00:00,23.899999618530273,485.173334757487,0.0,3.890000343322754,0.0,19.60784339904785,3.529411768913269
2018-04-07 23:30:00,23.799999237060547,536.3733317057291,0.0,3.890000343322754,0.0,45.09803771972656,3.529411768913269
2018-04-08 00:00:00,23.799999237060547,495.8399963378906,0.0,2.8000001907348633,0.0,9.803921699523926,3.529411768913269
2018-04-08 00:30:00,23.700000762939453,473.4933319091797,0.0,2.8000001907348633,0.0,9.803921699523926,3.529411768913269
2018-04-08 01:00:00,23.600000381469727,488.05333455403644,0.0,2.8000001907348633,0.0,9.803921699523926,3.529411768913269
2018-04-08 01:30:00,23.600000381469727,470.6666666666667,0.0,2.8000001907348633,0.0,9.803921699523926,3.529411768913269
2018-04-08 02:00:00,23.5,470.56000264485675,0.0,2.8000001907348633,0.0,9.803921699523926,3.529411768913269
2018-04-08 02:30:00,23.5,465.4720031738281,0.0,2.8000001907348633,0.0,9.803921699523926,3.529411768913269
2018-04-08 03:00:00,23.5,462.5066680908203,0.0,1.8000001907348633,0.03333333333333333,9.803921699523926,3.529411768913269
2018-04-08 03:30:00,23.399999618530273,465.7066650390625,0.0,1.8000001907348633,0.0,9.803921699523926,3.529411768913269
2018-04-08 04:00:00,23.399999618530273,472.10666910807294,0.0,1.8000001907348633,0.0,9.803921699523926,3.529411768913269
2018-04-08 04:30:00,23.399999618530273,466.0266621907552,0.0,2.8000001907348633,0.0,9.803921699523926,3.529411768913269
2018-04-08 05:00:00,23.399999618530273,472.1599985758464,6.0,3.8000001907348633,0.0,9.803921699523926,3.529411768913269
2018-04-08 05:30:00,23.399999618530273,502.02667236328125,37.333333333333336,5.800000190734863,0.0,9.803921699523926,3.529411768913269
2018-04-08 06:00:00,23.399999618530273,502.8800048828125,112.34666442871094,8.300000190734863,0.0,9.803921699523926,3.529411768913269
2018-04-08 06:30:00,23.399999618530273,497.17332967122394,173.7066650390625,11.859999847412109,0.0,9.803921699523926,3.529411768913269
2018-04-08 07:00:00,23.449999809265137,496.0,242.9866689046224,14.899999618530273,0.0,9.803921699523926,3.529411768913269
2018-04-08 07:30:00,23.5,498.43199462890624,314.0799967447917,16.899999618530273,0.0,9.803921699523926,3.529411768913269
2018-04-08 08:00:00,23.5,499.52000122070314,403.7333272298177,18.399999618530273,0.03333333333333333,9.803921699523926,3.529411768913269
2018-04-08 08:30:00,23.5,499.14666748046875,484.05332438151044,19.56666628519694,0.0,9.803921699523926,3.529411768913269
2018-04-08 09:00:00,23.399999618530273,498.24000040690106,544.0,20.56666628519694,0.03333333333333333,9.803921699523926,3.529411768913269
2018-04-08 09:30:00,23.299999237060547,495.9360046386719,568.1066691080729,21.399999618530273,0.0,19.60784339904785,3.529411768913269
2018-04-08 10:00:00,23.666666666666668,506.6133321126302,589.0133260091146,21.899999618530273,0.03333333333333333,0.0,3.529411768913269
2018-04-08 10:30:00,23.899999618530273,598.4533182779948,603.6266682942709,21.233332951863606,0.0,0.0,3.529411768913269
2018-04-08 11:00:00,23.6,579.8933410644531,615.0400187174479,19.899999618530273,0.7333333333333333,45.09803771972656,3.529411768913269
2018-04-08 11:30:00,22.833333015441895,590.0266723632812,611.52001953125,18.899999618530273,1.0,0.0,3.529411768913269
2018-04-08 12:00:00,23.314285823277064,504.85333251953125,588.9599914550781,18.899999618530273,1.0,19.60784339904785,3.529411768913269
2018-04-08 12:30:00,22.9375,600.0,583.0399780273438,18.899999618530273,1.0,45.09803771972656,3.529411768913269
2018-04-08 13:00:00,22.399999618530273,643.8933410644531,516.0533243815104,18.899999618530273,1.0,45.09803771972656,3.529411768913269
2018-04-08 13:30:00,22.700000762939453,605.4933369954427,468.63999938964844,18.899999618530273,1.0,45.09803771972656,3.529411768913269
2018-04-08 14:00:00,22.550000190734863,541.8666788736979,415.0399983723958,18.899999618530273,0.6,45.09803771972656,3.529411768913269
2018-04-08 14:30:00,22.449999809265137,524.7999877929688,293.73333231608075,18.899999618530273,0.0,45.09803771972656,3.529411768913269
2018-04-08 15:00:00,22.65000057220459,521.2160034179688,265.7066701253255,17.899999618530273,0.0,45.09803771972656,3.529411768913269
2018-04-08 15:30:00,23.5,480.9142848423549,183.03999837239584,16.899999618530273,0.0,19.60784339904785,3.529411768913269
2018-04-08 16:00:00,24.399999618530273,470.0266621907552,105.01333109537761,15.899999618530273,0.0,0.0,3.529411768913269
2018-04-08 16:30:00,24.75,465.9200032552083,67.5,14.899999618530273,0.0,0.0,3.529411768913269
2018-04-08 17:00:00,24.75,465.856005859375,24.333333333333332,14.899999618530273,0.0,0.0,3.529411768913269
2018-04-08 17:30:00,24.700000762939453,470.2719970703125,0.0,13.899999618530273,0.0,0.0,3.529411768913269
2018-04-08 18:00:00,24.550000190734863,464.85333760579425,0.0,12.899999618530273,0.0,0.0,3.529411768913269
2018-04-08 18:30:00,24.550000190734863,469.22666931152344,0.0,12.899999618530273,0.0,0.0,3.529411768913269
2018-04-08 19:00:00,24.399999618530273,479.4880004882813,0.0,11.899999618530273,0.0,0.0,3.529411768913269
2018-04-08 19:30:00,24.299999237060547,479.73333740234375,0.0,11.899999618530273,0.0,0.0,3.529411768913269
2018-04-08 20:00:00,24.15000057220459,469.173334757487,0.0,10.899999618530273,0.0,0.0,3.529411768913269
2018-04-08 20:30:00,24.0,471.4880004882813,0.0,10.899999618530273,0.0,0.0,3.529411768913269
2018-04-08 21:00:00,24.0,477.84000396728516,0.0,9.899999618530273,0.0,0.0,3.529411768913269
2018-04-08 21:30:00,23.899999618530273,473.8666687011719,0.0,8.899999618530273,0.0,0.0,3.529411768913269
2018-04-08 22:00:00,23.799999237060547,474.4960021972656,0.0,8.899999618530273,0.0,0.0,3.529411768913269
2018-04-08 22:30:00,23.799999237060547,470.0799987792969,0.0,8.899999618530273,0.0,0.0,3.529411768913269
2018-04-08 23:00:00,23.700000762939453,475.2533315022786,0.0,8.899999618530273,0.0,0.0,3.529411768913269
2018-04-08 23:30:00,23.700000762939453,470.0799987792969,0.0,8.899999618530273,0.0,0.0,3.529411768913269
2018-04-09 00:00:00,23.700000762939453,466.62400512695314,0.0,8.899999618530273,0.0,0.0,3.529411768913269
2018-04-09 00:30:00,23.700000762939453,467.1999938964844,0.0,8.899999618530273,0.0,0.0,3.529411768913269
2018-04-09 01:00:00,23.700000762939453,470.2720031738281,0.0,8.899999618530273,0.0,0.0,3.529411768913269
2018-04-09 01:30:00,23.700000762939453,475.12000274658203,0.0,8.899999618530273,0.0,0.0,3.529411768913269
2018-04-09 02:00:00,23.600000381469727,467.0399983723958,0.0,8.899999618530273,0.0,0.0,3.529411768913269
2018-04-09 02:30:00,23.600000381469727,469.0133361816406,0.0,8.899999618530273,0.0,0.0,3.529411768913269
2018-04-09 03:00:00,23.600000381469727,469.0133361816406,0.0,8.899999618530273,0.0,0.0,3.529411768913269
2018-04-09 03:30:00,23.600000381469727,465.8559997558594,0.0,8.899999618530273,0.7333333333333333,0.0,3.529411768913269
2018-04-09 04:00:00,23.600000381469727,468.2880004882812,0.0,8.899999618530273,0.9,0.0,3.529411768913269
2018-04-09 04:30:00,23.5,461.0559997558594,0.0,9.899999618530273,0.5666666666666667,0.0,3.529411768913269
2018-04-09 05:00:00,23.266666412353516,463.6266632080078,6.0,8.899999618530273,1.0,19.60784339904785,3.529411768913269
2018-04-09 05:30:00,23.066666920979817,479.73333231608075,8.5,9.899999618530273,1.0666666666666667,0.0,3.529411768913269
2018-04-09 06:00:00,23.449999809265137,476.586664835612,33.666666666666664,10.899999618530273,1.0333333333333334,0.0,3.529411768913269
2018-04-09 06:30:00,23.449999809265137,514.6666717529297,24.333333333333332,10.899999618530273,1.8333333333333333,0.0,3.529411768913269
2018-04-09 07:00:00,23.433333079020183,531.8400065104166,126.0,11.899999618530273,8.366666666666667,0.0,3.529411768913269
2018-04-09 07:30:00,23.399999618530273,487.36000061035156,213.41333516438803,13.899999618530273,8.6,19.60784339904785,3.529411768913269
2018-04-09 08:00:00,23.200000762939453,520.2133433024088,364.63999430338544,15.899999618530273,8.0,19.60784339904785,3.529411768913269
2018-04-09 08:30:00,23.46666653951009,592.3733418782552,435.67999267578125,16.899999618530273,8.166666666666666,45.09803771972656,3.529411768913269
2018-04-09 09:00:00,23.700000762939453,577.2266642252604,340.05332438151044,15.899999618530273,14.5,45.09803771972656,3.529411768913269
2018-04-09 09:30:00,23.566666920979817,556.1066691080729,318.0799967447917,15.399999618530273,19.033333333333335,45.09803771972656,3.529411768913269
2018-04-09 10:00:00,23.75,582.0800069173177,293.7066701253255,13.899999618530273,18.233333333333334,45.09803771972656,3.529411768913269
2018-04-09 10:30:00,23.949999809265137,655.3066711425781,258.0266621907552,13.899999618530273,17.866666666666667,45.09803771972656,3.529411768913269
2018-04-09 11:00:00,23.949999809265137,630.4533284505209,224.66666666666666,13.899999618530273,21.466666666666665,45.09803771972656,3.529411768913269
2018-04-09 11:30:00,24.100000381469727,614.4000122070313,392.586664835612,13.899999618530273,20.2,45.09803771972656,3.529411768913269
2018-04-09 12:00:00,24.27500009536743,612.864013671875,583.3600056966146,14.899999618530273,18.566666666666666,45.09803771972656,3.529411768913269
2018-04-09 12:30:00,24.5,601.3333333333334,628.0533243815104,14.899999618530273,17.733333333333334,45.09803771972656,3.529411768913269
2018-04-09 13:00:00,24.700000127156574,580.586680094401,313.9733378092448,13.899999618530273,14.466666666666667,45.09803771972656,3.529411768913269
2018-04-09 13:30:00,25.050000190734863,576.4480102539062,375.6800028483073,13.899999618530273,6.333333333333333,45.09803771972656,3.529411768913269
2018-04-09 14:00:00,25.433333079020183,567.5199991861979,381.1199951171875,13.899999618530273,0.0,45.09803771972656,3.529411768913269
2018-04-09 14:30:00,25.800000190734863,530.0266672770182,271.0400034586589,13.899999618530273,0.0,45.09803771972656,3.529411768913269
2018-04-09 15:00:00,25.899999618530273,507.3600107828776,179.73333231608072,12.790000915527344,0.0,9.803921699523926,3.529411768913269
2018-04-09 15:30:00,25.550000190734863,501.173334757487,89.68000030517578,12.790000915527344,0.0,9.803921699523926,3.529411768913269
2018-04-09 16:00:00,25.299999872843426,490.5066680908203,43.0,11.790000915527344,0.0,9.803921699523926,3.529411768913269
2018-04-09 16:30:00,25.0,486.34666442871094,29.666666666666668,11.790000915527344,0.0,9.803921699523926,3.529411768913269
2018-04-09 17:00:00,24.549999713897705,482.34666951497394,0.0,10.199999809265137,0.16666666666666666,9.803921699523926,3.529411768913269
2018-04-09 17:30:00,24.100000381469727,476.87999725341797,0.0,8.699999809265137,1.0,9.803921699523926,3.529411768913269
2018-04-09 18:00:00,23.799999872843426,470.9866638183594,0.0,7.699999809265137,1.0,9.803921699523926,3.529411768913269
2018-04-09 18:30:00,23.299999713897705,479.6160034179687,0.0,6.699999809265137,1.0,19.60784339904785,3.529411768913269
2018-04-09 19:00:00,23.5,478.0799987792969,0.0,6.699999809265137,1.0,19.60784339904785,3.529411768913269
2018-04-09 19:30:00,23.600000381469727,487.1999969482422,0.0,5.699999809265137,1.0,19.60784339904785,3.529411768913269
2018-04-09 20:00:00,23.200000127156574,481.81333923339844,0.0,4.699999809265137,0.5666666666666667,19.60784339904785,3.529411768913269
2018-04-09 20:30:00,22.72499990463257,478.7200012207031,0.0,4.699999809265137,0.0,19.60784339904785,3.529411768913269
2018-04-09 21:00:00,23.074999809265137,475.90400390625,0.0,3.6000003814697266,0.0,19.60784339904785,3.529411768913269
2018-04-09 21:30:00,23.399999618530273,476.6933339436849,0.0,3.6000003814697266,0.0,19.60784339904785,3.529411768913269
2018-04-09 22:00:00,23.550000190734863,457.65333557128906,0.0,3.6000003814697266,0.0,0.0,3.529411768913269
2018-04-09 22:30:00,23.700000762939453,454.2720031738281,0.0,2.5999999046325684,0.0,0.0,3.529411768913269
2018-04-09 23:00:00,23.700000762939453,452.99200439453125,0.0,3.1000001430511475,0.0,0.0,3.529411768913269
2018-04-09 23:30:00,23.700000762939453,450.40000406901044,0.0,3.1000001430511475,0.0,0.0,3.529411768913269
2018-04-10 00:00:00,23.700000762939453,449.8399963378906,0.0,3.1000001430511475,0.0,0.0,3.529411768913269
2018-04-10 00:30:00,23.700000762939453,447.7333272298177,0.0,3.1000001430511475,0.0,0.0,3.529411768913269
2018-04-10 01:00:00,23.700000762939453,445.6320007324219,0.0,3.1000001430511475,0.0,0.0,3.529411768913269
2018-04-10 01:30:00,23.600000381469727,444.09599609375,0.0,3.1000001430511475,0.0,0.0,3.529411768913269
2018-04-10 02:00:00,23.600000381469727,440.586669921875,0.0,3.1000001430511475,0.0,0.0,3.529411768913269
2018-04-10 02:30:00,23.600000381469727,440.3840026855469,0.0,3.1000001430511475,0.0,0.0,3.529411768913269
2018-04-10 03:00:00,23.600000381469727,437.4933369954427,0.0,3.1000001430511475,0.0,0.0,3.529411768913269
2018-04-10 03:30:00,23.600000381469727,437.8666737874349,0.0,3.1000001430511475,0.4,0.0,3.529411768913269
2018-04-10 04:00:00,23.600000381469727,435.45599975585935,0.0,3.1000001430511475,1.3333333333333333,0.0,3.529411768913269
2018-04-10 04:30:00,23.600000381469727,436.86400146484374,0.0,3.6999998092651367,1.0666666666666667,0.0,3.529411768913269
2018-04-10 05:00:00,23.399999618530273,455.4239990234375,0.0,4.699999809265137,1.0333333333333334,19.60784339904785,3.529411768913269
2018-04-10 05:30:00,23.300000190734863,470.7200012207031,0.0,4.275000095367432,0.6,0.0,3.529411768913269
2018-04-10 06:00:00,23.5,452.5333302815755,35.666666666666664,4.275000095367432,0.03333333333333333,0.0,3.529411768913269
2018-04-10 06:30:00,23.600000381469727,473.08799438476564,52.333333333333336,5.800000190734863,10.466666666666667,0.0,3.529411768913269
2018-04-10 07:00:00,23.600000381469727,492.9066670735677,73.01333363850911,4.800000190734863,34.2,0.0,3.529411768913269
2018-04-10 07:30:00,23.0,502.8799997965495,162.69332885742188,5.800000190734863,29.0,19.60784339904785,3.529411768913269
2018-04-10 08:00:00,22.720000076293946,653.4399922688802,201.70665995279947,7.300000190734863,21.066666666666666,53.46405029296875,3.529411768913269
2018-04-10 08:30:00,22.799999713897705,587.2914341517857,407.35999552408856,8.800000190734863,14.8,53.46405029296875,3.529411768913269
2018-04-10 09:00:00,23.15000057220459,718.5600077311198,355.0399983723958,8.800000190734863,35.93333333333333,57.647056579589844,3.529411768913269
2018-04-10 09:30:00,23.199999809265137,635.8933308919271,568.3200073242188,9.800000190734863,34.4,57.647056579589844,3.529411768913269
2018-04-10 10:00:00,23.56666660308838,724.1599934895834,424.4266662597656,9.800000190734863,38.233333333333334,70.19607543945312,3.529411768913269
2018-04-10 10:30:00,23.899999618530273,772.0533243815104,441.06667073567706,9.300000190734863,34.3,70.19607543945312,3.529411768913269
2018-04-10 11:00:00,23.899999618530273,732.1599934895834,432.10666910807294,9.300000190734863,33.7,70.19607543945312,3.529411768913269
2018-04-10 11:30:00,23.899999618530273,676.662859235491,546.0266723632812,9.300000190734863,33.333333333333336,45.09803771972656,3.529411768913269
2018-04-10 12:00:00,24.133333841959637,663.1039916992188,650.3999938964844,9.300000190734863,31.166666666666668,45.09803771972656,3.529411768913269
2018-04-10 12:30:00,24.0,713.2160034179688,469.066650390625,9.300000190734863,17.0,45.09803771972656,3.529411768913269
2018-04-10 13:00:00,24.0,671.4666646321615,405.65333048502606,9.300000190734863,2.966666666666667,45.09803771972656,3.529411768913269
2018-04-10 13:30:00,24.100000381469727,682.4960083007812,400.10666910807294,9.300000190734863,2.2333333333333334,45.09803771972656,3.529411768913269
2018-04-10 14:00:00,24.333332697550457,540.7999979654948,351.3066711425781,9.300000190734863,0.1,45.09803771972656,3.529411768913269
2018-04-10 14:30:00,24.5,501.4933369954427,306.2933349609375,9.300000190734863,0.0,19.60784339904785,3.529411768913269
2018-04-10 15:00:00,25.020000076293947,481.8666636149089,149.33333333333334,8.800000190734863,0.0,19.60784339904785,3.529411768913269
2018-04-10 15:30:00,25.90000009536743,466.8799987792969,186.66666666666666,8.800000190734863,0.0,0.0,3.529411768913269
2018-04-10 16:00:00,26.100000381469727,465.06667073567706,119.36000061035156,8.800000190734863,0.0,0.0,3.529411768913269
2018-04-10 16:30:00,26.0,470.78400268554685,48.0,8.800000190734863,0.0,0.0,3.529411768913269
2018-04-10 17:00:00,25.84999942779541,471.36000061035156,9.333333333333334,7.800000190734863,0.1,0.0,3.529411768913269
2018-04-10 17:30:00,25.600000381469727,470.18666585286456,9.333333333333334,6.699999809265137,0.0,0.0,3.529411768913269
2018-04-10 18:00:00,25.25,472.5119995117187,9.333333333333334,6.699999809265137,0.0,0.0,3.529411768913269
2018-04-10 18:30:00,24.516666730244953,472.0,9.333333333333334,5.699999809265137,0.0,19.60784339904785,3.529411768913269
2018-04-10 19:00:00,24.15000057220459,481.3333333333333,9.333333333333334,4.699999809265137,0.0,19.60784339904785,3.529411768913269
2018-04-10 19:30:00,23.84999942779541,477.56800537109376,9.333333333333334,4.699999809265137,0.0,19.60784339904785,3.529411768913269
2018-04-10 20:00:00,23.400000254313152,482.8159973144531,9.333333333333334,3.6999998092651367,0.0,19.60784339904785,3.529411768913269
2018-04-10 20:30:00,23.15000057220459,479.51999918619794,9.333333333333334,3.6999998092651367,0.0,19.60784339904785,3.529411768913269
2018-04-10 21:00:00,23.200000127156574,476.4800048828125,9.333333333333334,3.6999998092651367,0.0,19.60784339904785,3.529411768913269
2018-04-10 21:30:00,23.200000127156574,477.5466715494792,9.333333333333334,3.6999998092651367,0.06666666666666667,19.60784339904785,3.529411768913269
2018-04-10 22:00:00,23.0,478.8800048828125,9.333333333333334,2.6999998092651367,0.36666666666666664,19.60784339904785,3.529411768913269
2018-04-10 22:30:00,23.075000286102295,478.18666585286456,9.333333333333334,2.6999998092651367,0.0,19.60784339904785,3.529411768913269
2018-04-10 23:00:00,23.200000762939453,479.5733337402344,9.333333333333334,2.6999998092651367,0.0,19.60784339904785,3.529411768913269
2018-04-10 23:30:00,23.34999942779541,466.11200561523435,9.333333333333334,1.6999998092651367,0.0,0.0,3.529411768913269
2018-04-11 00:00:00,23.550000190734863,455.2000020345052,9.333333333333334,1.6999998092651367,0.0,0.0,3.529411768913269
2018-04-11 00:30:00,23.550000190734863,452.03199462890626,9.333333333333334,1.6999998092651367,0.0,0.0,3.529411768913269
2018-04-11 01:00:00,23.550000190734863,448.64000244140624,9.333333333333334,1.6999998092651367,0.0,0.0,3.529411768913269
2018-04-11 01:30:00,23.550000190734863,448.25599975585936,9.333333333333334,1.6999998092651367,0.0,0.0,3.529411768913269
2018-04-11 02:00:00,23.550000190734863,447.0933380126953,9.333333333333334,0.5,0.0,0.0,3.529411768913269
2018-04-11 02:30:00,23.550000190734863,450.5066630045573,9.333333333333334,0.5,0.0,0.0,3.529411768913269
2018-04-11 03:00:00,23.449999809265137,458.752001953125,9.333333333333334,0.5,0.0,0.0,3.529411768913269
2018-04-11 03:30:00,23.5,464.69333902994794,9.333333333333334,0.5,0.0,0.0,3.529411768913269
2018-04-11 04:00:00,23.5,447.0400024414063,9.333333333333334,1.166666666666667,0.4,0.0,3.529411768913269
2018-04-11 04:30:00,23.5,450.6666717529297,9.333333333333334,1.166666666666667,1.6,0.0,3.529411768913269
2018-04-11 05:00:00,23.5,452.3733317057292,22.5,1.166666666666667,2.066666666666667,0.0,3.529411768913269
2018-04-11 05:30:00,23.0,480.5333302815755,69.0,2.5,2.0,19.60784339904785,3.529411768913269
2018-04-11 06:00:00,22.260000228881836,462.46400146484376,123.52000045776367,3.5,2.1,19.60784339904785,3.529411768913269
2018-04-11 06:30:00,22.600000381469727,529.3866678873698,190.34666442871094,4.5,2.1333333333333333,19.60784339904785,3.529411768913269
2018-04-11 07:00:00,22.550000190734863,520.2559875488281,265.3333384195964,5.5,6.933333333333334,19.60784339904785,3.529411768913269
2018-04-11 07:30:00,22.449999809265137,573.6320068359375,332.3199971516927,5.5,10.633333333333333,45.09803771972656,3.529411768913269
2018-04-11 08:00:00,21.96666653951009,554.9866536458334,426.4533284505208,6.5,10.7,45.09803771972656,3.529411768913269
2018-04-11 08:30:00,22.0,551.3600056966146,504.7466532389323,7.5,12.666666666666666,45.09803771972656,3.529411768913269
2018-04-11 09:00:00,21.84999990463257,540.3733317057291,583.0399780273438,7.5,38.0,45.09803771972656,3.529411768913269
2018-04-11 09:30:00,22.066666920979817,556.1600036621094,614.0800170898438,8.5,39.13333333333333,45.09803771972656,3.529411768913269
2018-04-11 10:00:00,22.40000009536743,711.0399881998698,622.3999837239584,8.5,39.4,70.19607543945312,3.529411768913269
2018-04-11 10:30:00,22.766666412353516,788.7999979654948,637.3333333333334,8.5,38.733333333333334,70.19607543945312,3.529411768913269
2018-04-11 11:00:00,23.279999923706054,770.7428588867188,625.1199951171875,8.5,4.666666666666667,70.19607543945312,3.529411768913269
2018-04-11 11:30:00,23.5,760.5760009765625,749.5466715494791,8.5,4.033333333333333,70.19607543945312,3.529411768913269
2018-04-11 12:00:00,23.600000381469727,608.3840087890625,777.5999959309896,8.5,4.0,45.09803771972656,3.529411768913269
2018-04-11 12:30:00,23.65000057220459,510.3999989827474,596.3733317057291,8.5,4.066666666666666,19.60784339904785,3.529411768913269
2018-04-11 13:00:00,23.600000381469727,495.51999918619794,532.6933186848959,9.5,4.0,0.0,3.529411768913269
2018-04-11 13:30:00,23.799999872843426,510.0799987792969,463.35999552408856,9.5,4.0,0.0,3.529411768913269
2018-04-11 14:00:00,24.100000381469727,524.2133382161459,428.26666259765625,9.5,3.6666666666666665,0.0,3.529411768913269
2018-04-11 14:30:00,23.899999618530273,518.1866658528646,340.05333455403644,9.5,3.0,0.0,3.529411768913269
2018-04-11 15:00:00,24.050000190734863,507.1999969482422,267.36000061035156,9.5,3.0,0.0,3.529411768913269
2018-04-11 15:30:00,24.200000762939453,502.78400268554685,213.04000091552734,8.5,3.0,0.0,3.529411768913269
2018-04-11 16:00:00,24.699999809265137,496.1599985758464,138.34666442871094,8.5,3.0,0.0,3.529411768913269
2018-04-11 16:30:00,25.200000127156574,484.63999938964844,75.01333363850911,7.5,3.0,0.0,3.529411768913269
2018-04-11 17:00:00,25.449999809265137,482.8799997965495,26.0,6.5,3.0,0.0,3.529411768913269
2018-04-11 17:30:00,25.399999618530273,480.6400085449219,0.0,5.5,3.7,0.0,3.529411768913269
2018-04-11 18:00:00,25.25,479.29600219726564,0.0,4.600000063578287,3.933333333333333,0.0,3.529411768913269
2018-04-11 18:30:00,24.68333339691162,479.42400512695315,0.0,3.1999998092651367,1.9666666666666666,19.60784339904785,3.529411768913269
2018-04-11 19:00:00,24.0,486.91200561523436,0.0,3.1999998092651367,2.0,19.60784339904785,3.529411768913269
2018-04-11 19:30:00,23.799999872843426,497.84000396728516,0.0,3.1999998092651367,2.0,19.60784339904785,3.529411768913269
2018-04-11 20:00:00,23.799999237060547,498.30400390625,0.0,3.1999998092651367,1.3333333333333333,19.60784339904785,3.529411768913269
2018-04-11 20:30:00,23.700000762939453,495.8400014241536,0.0,2.0999999046325684,0.0,19.60784339904785,3.529411768913269
2018-04-11 21:00:00,23.600000381469727,502.5920043945313,0.0,2.0999999046325684,0.0,19.60784339904785,3.529411768913269
2018-04-11 21:30:00,23.53333346048991,489.3333282470703,0.0,2.0999999046325684,0.0,19.60784339904785,3.529411768913269
2018-04-11 22:00:00,23.65000057220459,465.06667073567706,0.0,2.0999999046325684,0.0,0.0,3.529411768913269
2018-04-11 22:30:00,23.65000057220459,459.3920043945312,0.0,2.0999999046325684,0.0,0.0,3.529411768913269
2018-04-11 23:00:00,23.65000057220459,456.9066670735677,0.0,2.0999999046325684,0.9333333333333333,0.0,3.529411768913269
2018-04-11 23:30:00,23.600000381469727,447.5999984741211,0.0,2.0999999046325684,1.0,0.0,3.529411768913269
2018-04-12 00:00:00,23.600000381469727,450.8799987792969,0.0,2.0999999046325684,1.0,0.0,3.529411768913269
2018-04-12 00:30:00,23.600000381469727,450.826665242513,0.0,1.0999999046325684,1.0,0.0,3.529411768913269
2018-04-12 01:00:00,23.5,445.36000061035156,0.0,1.0999999046325684,1.0,0.0,3.529411768913269
2018-04-12 01:30:00,23.5,445.173334757487,0.0,1.0999999046325684,1.0,0.0,3.529411768913269
2018-04-12 02:00:00,23.5,442.7200063069661,0.0,1.0999999046325684,1.0,0.0,3.529411768913269
2018-04-12 02:30:00,23.399999618530273,444.2240051269531,0.0,1.0999999046325684,1.0,0.0,3.529411768913269
2018-04-12 03:00:00,23.399999618530273,439.0399983723958,0.0,1.0999999046325684,1.0,0.0,3.529411768913269
2018-04-12 03:30:00,23.399999618530273,441.66400146484375,0.0,1.0999999046325684,1.0,0.0,3.529411768913269
2018-04-12 04:00:00,23.399999618530273,445.65333557128906,0.0,2.0999999046325684,1.4,0.0,3.529411768913269
2018-04-12 04:30:00,23.399999618530273,443.52000427246094,0.0,2.0999999046325684,2.7333333333333334,0.0,3.529411768913269
2018-04-12 05:00:00,23.399999618530273,448.9600016276042,0.0,2.0999999046325684,18.666666666666668,19.60784339904785,3.529411768913269
2018-04-12 05:30:00,23.25,468.26666768391925,0.0,2.6857143810817172,31.0,19.60784339904785,3.529411768913269
2018-04-12 06:00:00,22.899999618530273,490.56000264485675,25.0,3.6000003814697266,30.233333333333334,19.60784339904785,3.529411768913269
2018-04-12 06:30:00,23.050000190734863,714.2400131225586,121.66666666666667,4.100000381469727,24.6,57.647056579589844,3.529411768913269
2018-04-12 07:00:00,22.800000190734863,636.000010172526,162.66666666666666,5.100000381469727,0.2,45.09803771972656,3.529411768913269
2018-04-12 07:30:00,22.675000190734863,615.7333475748698,332.64000447591144,6.100000381469727,0.0,45.09803771972656,3.529411768913269
2018-04-12 08:00:00,22.799999713897705,602.4533284505209,389.44000244140625,7.100000381469727,0.03333333333333333,45.09803771972656,3.529411768913269
2018-04-12 08:30:00,22.53333346048991,503.8400014241536,478.7200012207031,8.600000381469727,3.8666666666666667,0.0,3.529411768913269
2018-04-12 09:00:00,22.799999237060547,516.8000030517578,529.066650390625,8.600000381469727,19.566666666666666,0.0,3.529411768913269
2018-04-12 09:30:00,22.949999809265137,537.8133239746094,545.7066853841146,10.100000381469727,21.7,19.60784339904785,3.529411768913269
2018-04-12 10:00:00,23.15000057220459,622.4533386230469,571.9466552734375,11.100000381469727,21.733333333333334,45.09803771972656,3.529411768913269
2018-04-12 10:30:00,22.939999771118163,668.2666727701823,538.4533284505209,12.100000381469727,21.833333333333332,45.09803771972656,3.529411768913269
2018-04-12 11:00:00,23.200000127156574,650.9866841634115,502.6133321126302,11.100000381469727,9.5,45.09803771972656,3.529411768913269
2018-04-12 11:30:00,23.100000381469727,630.5920043945313,641.0666707356771,11.100000381469727,0.7666666666666667,45.09803771972656,3.529411768913269
2018-04-12 12:00:00,23.35999984741211,608.3733215332031,366.7200012207031,11.100000381469727,0.0,45.09803771972656,3.529411768913269
2018-04-12 12:30:00,23.75,519.8399963378906,497.38665771484375,11.100000381469727,0.06666666666666667,19.60784339904785,3.529411768913269
2018-04-12 13:00:00,24.0,481.22666931152344,476.6933288574219,11.100000381469727,0.0,0.0,3.529411768913269
2018-04-12 13:30:00,24.25,477.247998046875,293.3333282470703,11.100000381469727,0.03333333333333333,0.0,3.529411768913269
2018-04-12 14:00:00,24.700000127156574,475.07200317382814,375.7333272298177,11.100000381469727,0.0,0.0,3.529411768913269
2018-04-12 14:30:00,25.200000127156574,468.2133331298828,293.3333333333333,11.100000381469727,0.0,0.0,3.529411768913269
2018-04-12 15:00:00,25.575000286102295,469.38666280110675,141.706662495931,11.100000381469727,0.0,0.0,3.529411768913269
2018-04-12 15:30:00,25.100000381469727,474.34666951497394,80.34666697184245,10.100000381469727,0.0,0.0,3.529411768913269
2018-04-12 16:00:00,24.899999618530273,472.4480041503906,67.01333363850911,9.100000381469727,0.0,0.0,3.529411768913269
2018-04-12 16:30:00,24.75,476.05332946777344,20.666666666666668,9.100000381469727,0.0,0.0,3.529411768913269
2018-04-12 17:00:00,24.5,475.8399963378906,0.0,8.0,0.0,0.0,3.529411768913269
2018-04-12 17:30:00,24.25,479.36000366210936,0.0,6.899999618530273,0.0,0.0,3.529411768913269
2018-04-12 18:00:00,24.100000381469727,478.5279968261719,0.0,5.800000190734863,0.0,0.0,3.529411768913269
2018-04-12 18:30:00,23.949999809265137,480.85333760579425,0.0,5.800000190734863,0.6333333333333333,0.0,3.529411768913269
2018-04-12 19:00:00,23.949999809265137,477.88800048828125,0.0,5.800000190734863,1.0,0.0,3.529411768913269
2018-04-12 19:30:00,23.479999923706053,478.5066731770833,0.0,4.699999809265137,1.0,19.60784339904785,3.529411768913269
2018-04-12 20:00:00,22.899999618530273,481.65333048502606,0.0,4.699999809265137,0.4,19.60784339904785,3.529411768913269
2018-04-12 20:30:00,22.65000057220459,479.1039978027344,0.0,4.699999809265137,0.0,19.60784339904785,3.529411768913269
2018-04-12 21:00:00,22.700000762939453,478.18666585286456,0.0,4.699999809265137,0.6333333333333333,19.60784339904785,3.529411768913269
2018-04-12 21:30:00,22.84999942779541,476.1599985758464,0.0,4.699999809265137,0.6,19.60784339904785,3.529411768913269
2018-04-12 22:00:00,22.800000190734863,482.1760009765625,0.0,4.699999809265137,0.0,19.60784339904785,3.529411768913269
2018-04-12 22:30:00,22.899999618530273,475.36000061035156,0.0,4.699999809265137,0.0,19.60784339904785,3.529411768913269
2018-04-12 23:00:00,22.799999237060547,476.9600016276042,0.0,4.699999809265137,0.3333333333333333,19.60784339904785,3.529411768913269
2018-04-12 23:30:00,22.799999237060547,481.0239990234375,0.0,5.699999809265137,0.0,19.60784339904785,3.529411768913269
2018-04-13 00:00:00,22.949999809265137,479.8400014241536,0.0,5.699999809265137,0.0,19.60784339904785,3.529411768913269
2018-04-13 00:30:00,23.15000057220459,461.8666687011719,0.0,5.699999809265137,0.0,19.60784339904785,3.529411768913269
2018-04-13 01:00:00,23.299999237060547,446.91199951171876,0.0,5.699999809265137,0.0,0.0,3.529411768913269
2018-04-13 01:30:00,23.299999237060547,446.56000264485675,0.0,4.699999809265137,0.0,0.0,3.529411768913269
2018-04-13 02:00:00,23.299999237060547,442.4533335367839,0.0,4.699999809265137,0.0,0.0,3.529411768913269
2018-04-13 02:30:00,23.299999237060547,441.9199951171875,0.0,4.699999809265137,0.0,0.0,3.529411768913269
2018-04-13 03:00:00,23.200000762939453,450.98667399088544,0.0,4.699999809265137,0.5666666666666667,0.0,3.529411768913269
2018-04-13 03:30:00,23.200000762939453,448.48000081380206,0.0,4.699999809265137,1.0,0.0,3.529411768913269
2018-04-13 04:00:00,22.96666653951009,444.41599731445314,0.0,5.800000190734863,0.9666666666666667,19.60784339904785,3.529411768913269
2018-04-13 04:30:00,22.96666653951009,452.3733317057292,0.0,5.800000190734863,1.5333333333333334,19.60784339904785,3.529411768913269
2018-04-13 05:00:00,22.96666653951009,457.8559997558594,0.0,5.800000190734863,14.0,19.60784339904785,3.529411768913269
2018-04-13 05:30:00,22.833333333333332,477.4933369954427,22.5,5.800000190734863,17.866666666666667,19.60784339904785,3.529411768913269
2018-04-13 06:00:00,23.03333346048991,518.719992501395,67.5,6.800000190734863,14.966666666666667,45.09803771972656,3.529411768913269
2018-04-13 06:30:00,23.199999809265137,648.7999877929688,76.68000030517578,6.800000190734863,17.3,45.09803771972656,3.529411768913269
2018-04-13 07:00:00,22.933333079020183,640.7679931640625,126.98666890462239,7.800000190734863,1.0666666666666667,45.09803771972656,3.529411768913269
2018-04-13 07:30:00,22.949999809265137,650.6133422851562,222.34666951497397,9.300000190734863,1.0,45.09803771972656,3.529411768913269
2018-04-13 08:00:00,23.266667048136394,601.8666687011719,370.34666951497394,10.800000190734863,0.6666666666666666,45.09803771972656,3.529411768913269
2018-04-13 08:30:00,23.34999942779541,505.06666056315106,418.6666564941406,11.899999618530273,2.6,0.0,3.529411768913269
2018-04-13 09:00:00,23.600000381469727,530.0799865722656,381.4399871826172,11.899999618530273,20.466666666666665,0.0,3.529411768913269
2018-04-13 09:30:00,23.199999809265137,527.0399983723959,196.37333170572916,10.899999618530273,19.766666666666666,19.60784339904785,3.529411768913269
2018-04-13 10:00:00,22.879999923706055,596.1066589355469,110.35999806722005,10.899999618530273,23.5,45.09803771972656,3.529411768913269
2018-04-13 10:30:00,22.949999809265137,677.3760009765625,155.36000061035156,10.899999618530273,18.433333333333334,45.09803771972656,3.529411768913269
2018-04-13 11:00:00,23.200000286102295,685.2266642252604,110.33333333333333,10.899999618530273,0.6,45.09803771972656,3.529411768913269
2018-04-13 11:30:00,22.859999465942384,643.8399963378906,191.0399932861328,11.899999618530273,0.03333333333333333,45.09803771972656,3.529411768913269
2018-04-13 12:00:00,23.0,598.0266621907552,384.9599914550781,11.899999618530273,0.0,45.09803771972656,3.529411768913269
2018-04-13 12:30:00,22.683333079020183,492.2133382161458,325.7066650390625,10.899999618530273,0.0,9.803921699523926,3.529411768913269
2018-04-13 13:00:00,23.133333206176758,481.8666687011719,321.65333048502606,10.899999618530273,0.0,9.803921699523926,3.529411768913269
2018-04-13 13:30:00,23.75,480.2133280436198,394.6666666666667,10.899999618530273,0.0,9.803921699523926,3.529411768913269
2018-04-13 14:00:00,23.700000127156574,477.7066701253255,360.7466634114583,10.899999618530273,0.0,9.803921699523926,3.529411768913269
2018-04-13 14:30:00,23.700000127156574,479.2000045776367,211.35999552408853,10.899999618530273,0.0,9.803921699523926,3.529411768913269
2018-04-13 15:00:00,24.100000381469727,487.0400024414063,112.04000091552734,10.899999618530273,0.0,9.803921699523926,3.529411768913269
2018-04-13 15:30:00,23.833333333333332,492.41599731445314,82.0,10.899999618530273,0.26666666666666666,9.803921699523926,3.529411768913269
2018-04-13 16:00:00,23.550000190734863,489.4080017089844,20.0,9.899999618530273,1.0,9.803921699523926,3.529411768913269
2018-04-13 16:30:00,23.633333841959637,487.5999984741211,0.0,8.899999618530273,1.0,9.803921699523926,3.529411768913269
2018-04-13 17:00:00,23.28333346048991,482.0800018310547,0.0,8.899999618530273,1.0,19.60784339904785,3.529411768913269
2018-04-13 17:30:00,23.366666158040363,487.14666748046875,0.0,8.899999618530273,0.3,19.60784339904785,3.529411768913269
2018-04-13 18:00:00,23.366666158040363,483.2639953613281,0.0,8.899999618530273,0.9333333333333333,19.60784339904785,3.529411768913269
2018-04-13 18:30:00,23.199999809265137,486.0266621907552,0.0,7.899999618530273,0.9,19.60784339904785,3.529411768913269
2018-04-13 19:00:00,23.125000476837158,479.0399963378906,0.0,7.899999618530273,0.16666666666666666,19.60784339904785,3.529411768913269
2018-04-13 19:30:00,22.800000190734863,483.51999918619794,0.0,7.899999618530273,1.0,19.60784339904785,3.529411768913269
2018-04-13 20:00:00,22.733332951863606,479.6800028483073,0.0,8.899999618530273,0.8333333333333334,19.60784339904785,3.529411768913269
2018-04-13 20:30:00,22.949999809265137,479.35999552408856,0.0,7.800000190734863,0.0,19.60784339904785,3.529411768913269
2018-04-13 21:00:00,22.766666412353516,482.82667032877606,0.0,7.800000190734863,0.0,19.60784339904785,3.529411768913269
2018-04-13 21:30:00,22.75,482.7999954223633,0.0,7.800000190734863,0.0,19.60784339904785,3.529411768913269
